student_id,internal_1,internal_2,attendance,assignment_score,study_hours,risk
S101,85,90,95,88,4,Low
S102,70,75,85,80,3,Low
S103,45,50,72,55,1,High
S104,60,65,80,70,2,Medium
S105,35,40,65,45,1,High
S106,90,92,98,95,5,Low
S107,55,60,75,60,2,Medium
S108,40,45,68,50,1,High
S109,75,80,90,85,4,Low
S110,50,55,78,65,2,Medium
S111,88,85,96,90,5,Low
S112,42,48,70,52,1,High
S113,65,68,82,72,3,Medium
S114,30,38,60,40,1,High
S115,78,82,92,86,4,Low
S116,58,62,76,64,2,Medium
S117,92,95,99,98,6,Low
S118,48,52,73,58,1,High
S119,68,72,84,75,3,Medium
S120,38,42,66,48,1,High